id,PSH,sequence,PSM_ID,accession,unique,database,database_version,search_engine,search_engine_score[1],modifications,retention_time,charge_x,exp_mass_to_charge,calc_mass_to_charge,spectra_ref,pre,post,start,end,opt_ms_run[1]_aa_scores,scan_number,title,pepmass,charge_y,scans,rtinseconds,seq,m/z array,intensity array,charge array
0,PSM,LAHYNKR,1,nan,nan,nan,nan,"[MS, MS:1003281, Casanovo, 5.0.0]",0.80886394,nan,nan,2,451.2534790039063,451.2537536621094,ms_run[1]:index=0,nan,nan,nan,nan,"0.99055,0.98939,0.99260,0.99268,0.97860,0.88938,0.97255",0,0,"(451.25348, None)",2+,F1:2478,824.574,IAHYNKR,"[ 63.9948349   70.06543732  84.08129883  85.08439636  86.09666443
 110.0710907  129.102005   138.065979   157.13291931 175.11853027
 185.12837219 209.10263062 273.13378906 301.1282959  303.21221924
 304.17529297 322.18591309 350.67874146 417.25521851 580.31854248
 630.36572266 717.37670898 753.37487793 788.42077637 866.45446777]","[0.06119308 0.06860413 0.22455615 0.06763621 0.22344913 0.30348614
 0.09322319 0.07667152 0.14716865 0.19198035 0.09717457 0.13139844
 0.09324287 0.08515828 0.07235292 0.07120858 0.1583406  0.07397215
 0.1498218  0.31572264 0.06255879 0.59908968 0.09976937 0.35858697
 0.12016355]","[-- -- -- -- -- -- -- -- -- -- -- -- -- -- -- -- -- -- -- -- -- -- -- --
 --]"
id,PSH,sequence,PSM_ID,accession,unique,database,database_version,search_engine,search_engine_score[1],modifications,retention_time,charge_x,exp_mass_to_charge,calc_mass_to_charge,spectra_ref,pre,post,start,end,opt_ms_run[1]_aa_scores,scan_number,title,pepmass,charge_y,scans,rtinseconds,seq,m/z array,intensity array,charge array
1,PSM,VKEDPDGEHAR,2,nan,nan,nan,nan,"[MS, MS:1003281, Casanovo, 5.0.0]",0.5497779,nan,nan,2,626.7991333007812,626.7994995117188,ms_run[1]:index=1,nan,nan,nan,nan,"0.98815,0.98912,0.98928,0.98886,0.98828,0.88786,0.99220,0.97853,0.99209,0.69211,0.99293",1,1,"(626.79913, None)",2+,F1:2484,825.468,VKEDPDGEHAR,"[ 107.23813629  110.07106018  127.0858078   129.10214233  133.41215515
  151.06536865  175.11810303  183.14926147  225.36390686  228.16882324
  239.09396362  240.13259888  255.14370728  286.1373291   339.20065308
  357.21115112  373.17056274  383.21252441  391.18127441  399.98034668
  401.16644287  418.63897705  472.23931885  511.27639771  568.74975586
  569.27893066  590.31884766  618.28393555  621.30236816  684.31048584
  764.32043457  781.22192383  781.35882568  896.37969971 1007.40124512
 1025.42626953 1128.49658203 1153.51806641 1178.62683105]","[0.05137088 0.09514827 0.05193258 0.44831365 0.04876453 0.05164254
 0.12925497 0.08551528 0.05201054 0.18435329 0.05292533 0.0571848
 0.05851115 0.11974133 0.07786702 0.14482076 0.11663464 0.10688324
 0.12372428 0.05831653 0.12899114 0.06138816 0.19473803 0.06207081
 0.07995174 0.20832606 0.04948771 0.08301079 0.06632131 0.08932632
 0.0745398  0.07784718 0.45641443 0.22031182 0.09667406 0.30636165
 0.06959544 0.31528342 0.12105285]","[-- -- -- -- -- -- -- -- -- -- -- -- -- -- -- -- -- -- -- -- -- -- -- --
 -- -- -- -- -- -- -- -- -- -- -- -- -- -- --]"
id,PSH,sequence,PSM_ID,accession,unique,database,database_version,search_engine,search_engine_score[1],modifications,retention_time,charge_x,exp_mass_to_charge,calc_mass_to_charge,spectra_ref,pre,post,start,end,opt_ms_run[1]_aa_scores,scan_number,title,pepmass,charge_y,scans,rtinseconds,seq,m/z array,intensity array,charge array
2,PSM,C[Carbamidomethyl]GHTNNLRPK,3,nan,nan,nan,nan,"[MS, MS:1003281, Casanovo, 5.0.0]",0.8224515,nan,nan,2,598.800537109375,598.8013305664062,ms_run[1]:index=2,nan,nan,nan,nan,"0.98965,0.91347,0.99000,0.98921,0.98777,0.99189,0.99273,0.99089,0.98387,0.99237",2,2,"(598.80054, None)",2+,F1:2485,825.618,C[Carbamidomethyl]GHTNNIRPK,"[  83.77787781   84.04463959   84.08106995   89.89646149   90.97663116
   97.11727905  101.07115173  101.10739136  110.0711441   115.08634186
  116.32154846  127.05016327  129.10165405  129.64630127  130.08572388
  138.06567383  147.11175537  155.49111938  167.09204102  171.14888
  187.14306641  195.08666992  199.14407349  213.08734131  218.05822754
  226.15361023  228.13357544  239.11373901  244.16485596  252.13452148
  258.10681152  327.20129395  337.10705566  355.11602783  400.26324463
  417.22131348  426.22601318  445.706604    456.16308594  462.72888184
  463.23059082  471.2855835   472.75888062  477.72439575  481.76422119
  503.25134277  509.77813721  513.34661865  516.74182129  519.28875732
  526.24554443  539.29180908  562.29675293  570.35583496  581.2833252
  581.77526855  590.28942871  590.78710938  627.3939209   667.34338379
  681.28790283  714.3861084   724.40380859  741.43341064  796.39202881
  797.38104248  825.45422363  842.48144531  852.44689941  879.40515137
  906.44189453  907.4161377   908.43554688  924.45367432  925.45361328
  953.43170166  961.52990723  979.54138184 1023.51660156 1036.56079102
 1050.48022461 1068.49743652 1122.58374023 1178.56799316]","[0.03790456 0.06261135 0.12004563 0.03584675 0.03703634 0.04021619
 0.12695546 0.04587641 0.24277042 0.04058381 0.0417193  0.0725644
 0.12823862 0.03931102 0.04161251 0.05901352 0.08480681 0.04011185
 0.04421571 0.21382387 0.05261151 0.05880239 0.1357269  0.0437009
 0.05268881 0.07593127 0.05154265 0.11030526 0.19687679 0.0445566
 0.0584158  0.07729712 0.05940342 0.16088951 0.09319904 0.04961636
 0.06092234 0.0695369  0.08650189 0.07593722 0.12096415 0.04853976
 0.06644741 0.05758047 0.07765202 0.04898869 0.06908163 0.06319169
 0.05710718 0.03262919 0.04986867 0.06944135 0.06215299 0.05050511
 0.12222039 0.10220175 0.14475077 0.06295829 0.06938609 0.09585566
 0.05121462 0.05357068 0.06329392 0.16066436 0.12619552 0.09053382
 0.06010475 0.21859287 0.0547413  0.05417961 0.16778305 0.15727124
 0.08857489 0.14960797 0.07216806 0.13804807 0.24941754 0.25717384
 0.10717136 0.08509283 0.09561086 0.13710313 0.19077668 0.29704541]","[-- -- -- -- -- -- -- -- -- -- -- -- -- -- -- -- -- -- -- -- -- -- -- --
 -- -- -- -- -- -- -- -- -- -- -- -- -- -- -- -- -- -- -- -- -- -- -- --
 -- -- -- -- -- -- -- -- -- -- -- -- -- -- -- -- -- -- -- -- -- -- -- --
 -- -- -- -- -- -- -- -- -- -- -- --]"
id,PSH,sequence,PSM_ID,accession,unique,database,database_version,search_engine,search_engine_score[1],modifications,retention_time,charge_x,exp_mass_to_charge,calc_mass_to_charge,spectra_ref,pre,post,start,end,opt_ms_run[1]_aa_scores,scan_number,title,pepmass,charge_y,scans,rtinseconds,seq,m/z array,intensity array,charge array
3,PSM,VVQEQGTHPK,4,nan,nan,nan,nan,"[MS, MS:1003281, Casanovo, 5.0.0]",0.8697801,nan,nan,2,561.7985229492188,561.7987670898438,ms_run[1]:index=3,nan,nan,nan,nan,"0.99099,0.98913,0.99039,0.97138,0.98963,0.99120,0.97419,0.99007,0.99369,0.99114",3,3,"(561.7985, None)",2+,F1:2489,826.266,VVQEQGTHPK,"[  84.04469299   84.08131409   92.21933746   96.33059692  101.07144165
  101.10797119  103.70474243  110.07148743  112.08743286  117.1023941
  123.28012848  129.10197449  147.11257935  154.46624756  158.09156799
  171.14929199  175.11880493  199.14439392  212.75985718  226.15472412
  228.13421631  230.1134491   235.11882019  240.09860229  241.08273315
  244.1656189   258.10845947  296.13568115  315.90737915  326.16711426
  327.20278931  328.20581055  381.22357178  405.3293457   444.72125244
  445.70758057  454.71829224  456.24661255  486.23266602  494.74404907
  525.24316406  525.78930664  529.76708984  535.22131348  539.29443359
  543.25646973  553.2401123   645.27398682  649.33850098  650.32769775
  663.27935791  664.27172852  667.34979248  778.38208008  796.39349365
  889.41729736  905.46850586  906.43945312  907.42718506  924.45306396
 1023.52832031]","[0.11734314 0.11870591 0.04077551 0.04250606 0.23005988 0.04430008
 0.04028842 0.13573912 0.04100554 0.0750543  0.0435318  0.12736328
 0.08610878 0.04382267 0.04196334 0.36443457 0.08902598 0.19488516
 0.04777293 0.10002996 0.12217348 0.06142626 0.04688513 0.05634962
 0.06213639 0.23840648 0.10624474 0.0696026  0.04770361 0.04417289
 0.11200631 0.03739115 0.0983787  0.05076637 0.06215283 0.03743282
 0.03875959 0.05633215 0.05045072 0.06364192 0.05401575 0.05476269
 0.06753033 0.06143338 0.18187326 0.04960035 0.07139565 0.05451643
 0.08052863 0.14093234 0.06776685 0.07325312 0.12594225 0.13728483
 0.2648266  0.11903962 0.05527152 0.30792227 0.30273283 0.30944607
 0.14100249]","[-- -- -- -- -- -- -- -- -- -- -- -- -- -- -- -- -- -- -- -- -- -- -- --
 -- -- -- -- -- -- -- -- -- -- -- -- -- -- -- -- -- -- -- -- -- -- -- --
 -- -- -- -- -- -- -- -- -- -- -- -- --]"
id,PSH,sequence,PSM_ID,accession,unique,database,database_version,search_engine,search_engine_score[1],modifications,retention_time,charge_x,exp_mass_to_charge,calc_mass_to_charge,spectra_ref,pre,post,start,end,opt_ms_run[1]_aa_scores,scan_number,title,pepmass,charge_y,scans,rtinseconds,seq,m/z array,intensity array,charge array
4,PSM,KGKGRGPK,5,nan,nan,nan,nan,"[MS, MS:1003281, Casanovo, 5.0.0]",0.10875945,nan,nan,2,414.2583618164063,414.2641296386719,ms_run[1]:index=4,nan,nan,nan,nan,"0.99003,0.98740,0.98388,0.96177,0.38430,0.43482,0.94391,0.75269",4,4,"(414.25836, None)",2+,F1:2493,826.716,KGKPEIR,"[ 64.14490509  70.06610107  72.08155823  73.04789734  74.06100464
  84.04530334  84.08139801  85.06535339  86.09713745  91.05821228
 101.10756683 102.09133911 110.07165527 112.08769226 129.10253906
 130.08648682 141.10241699 147.11257935 169.09725952 175.11901855
 181.10945129 186.12373352 209.10327148 226.11885071 226.15655518
 244.16677856 257.65264893 258.14654541 288.20306396 297.19299316
 313.18670654 314.21801758 344.97650146 397.23361206 514.29937744
 540.31079102 620.3326416  642.39941406 699.41687012 810.48553467]","[0.09622044 0.12843168 0.0654913  0.0665248  0.06602555 0.04701356
 0.46702677 0.04947973 0.11365419 0.14764574 0.11874463 0.05477615
 0.21638018 0.06143405 0.38879734 0.06496481 0.08930237 0.11390623
 0.09396183 0.14860173 0.06265274 0.15463006 0.08503188 0.05857571
 0.04999224 0.05254043 0.05069108 0.05768153 0.20293723 0.07058295
 0.05561822 0.09452255 0.20040859 0.06672816 0.30971634 0.07622205
 0.05802697 0.1776334  0.26588693 0.26254484]","[-- -- -- -- -- -- -- -- -- -- -- -- -- -- -- -- -- -- -- -- -- -- -- --
 -- -- -- -- -- -- -- -- -- -- -- -- -- -- -- --]"
id,PSH,sequence,PSM_ID,accession,unique,database,database_version,search_engine,search_engine_score[1],modifications,retention_time,charge_x,exp_mass_to_charge,calc_mass_to_charge,spectra_ref,pre,post,start,end,opt_ms_run[1]_aa_scores,scan_number,title,pepmass,charge_y,scans,rtinseconds,seq,m/z array,intensity array,charge array
5,PSM,SLSHSPGK,6,nan,nan,nan,nan,"[MS, MS:1003281, Casanovo, 5.0.0]",0.6420424,nan,nan,2,406.7167663574219,406.7166748046875,ms_run[1]:index=5,nan,nan,nan,nan,"0.99176,0.69071,0.98938,0.99086,0.99154,0.99042,0.99120,0.99208",5,5,"(406.71677, None)",2+,F1:2496,827.11804,SISHSPGK,"[ 60.04498291  63.98861694  63.99230957  70.06591797  72.08152771
  74.06071472  83.06104279  84.0453186   84.0814743   86.09721375
  87.05595398 101.07151794 102.05561066 110.07183838 112.0874176
 115.08670044 129.10269165 130.08666992 138.06613159 141.10215759
 143.11856079 147.11262512 158.0929718  169.09738159 173.12887573
 175.1190033  178.13397217 186.12290955 187.14416504 197.10406494
 201.1239624  204.13432312 206.12866211 223.15539551 224.15805054
 225.09802246 233.13040161 251.15039062 252.15507507 254.18673706
 256.13803101 263.14309692 266.12420654 272.13626099 283.17712402
 289.16082764 294.11907959 297.65328979 301.18762207 303.17901611
 311.6578064  312.13101196 354.19848633 363.2019043  370.20855713
 370.68942261 375.72244263 379.53890991 388.21960449 397.21792603
 400.23147583 418.20343018 425.2154541  446.01318359 466.20840454
 489.24432373 494.23562622 512.24853516 525.28027344 529.16748047
 532.24279785 560.27734375 561.28253174 594.29553223 607.34399414
 612.30969238 644.4105835  673.3614502  674.36322021 740.36889648
 741.36151123 794.41729736 846.03393555]","[0.09641011 0.0528078  0.03802829 0.2147655  0.12301989 0.19243085
 0.04408807 0.04903474 0.20615825 0.18104219 0.08754668 0.06906604
 0.052824   0.29188704 0.06348139 0.04736105 0.18809983 0.12267187
 0.07324418 0.09684549 0.03826426 0.13604484 0.05212173 0.08219371
 0.36967108 0.1216827  0.0859127  0.04695713 0.05170644 0.06170456
 0.16658579 0.07402233 0.04853212 0.18199997 0.05033483 0.12920415
 0.03811457 0.14907907 0.04290488 0.0683253  0.04273748 0.0861361
 0.03989649 0.03852558 0.04635235 0.10752792 0.04597901 0.05731015
 0.18489137 0.0451968  0.04337921 0.10335544 0.04209181 0.09643771
 0.07937319 0.04048619 0.0698706  0.04547546 0.13239139 0.05219906
 0.0641465  0.04174857 0.04268117 0.03742661 0.04847883 0.05471339
 0.05413467 0.06057498 0.05704994 0.04236352 0.05343683 0.15778404
 0.05085759 0.06372327 0.05484312 0.27549461 0.04773706 0.11878573
 0.08031796 0.09723199 0.04642647 0.13848722 0.04634696]","[-- -- -- -- -- -- -- -- -- -- -- -- -- -- -- -- -- -- -- -- -- -- -- --
 -- -- -- -- -- -- -- -- -- -- -- -- -- -- -- -- -- -- -- -- -- -- -- --
 -- -- -- -- -- -- -- -- -- -- -- -- -- -- -- -- -- -- -- -- -- -- -- --
 -- -- -- -- -- -- -- -- -- -- --]"
id,PSH,sequence,PSM_ID,accession,unique,database,database_version,search_engine,search_engine_score[1],modifications,retention_time,charge_x,exp_mass_to_charge,calc_mass_to_charge,spectra_ref,pre,post,start,end,opt_ms_run[1]_aa_scores,scan_number,title,pepmass,charge_y,scans,rtinseconds,seq,m/z array,intensity array,charge array
6,PSM,HNSYTC[Carbamidomethyl]EATHK,7,nan,nan,nan,nan,"[MS, MS:1003281, Casanovo, 5.0.0]",0.8860031,nan,nan,2,674.2903442382812,674.2909545898438,ms_run[1]:index=6,nan,nan,nan,nan,"0.98950,0.98857,0.98928,0.99045,0.98977,0.98540,0.99682,0.98806,0.99118,0.99092,0.98931",6,6,"(674.29034, None)",2+,F1:2503,827.922,HNSYTC[Carbamidomethyl]EATHK,"[  93.04463196  110.07154846  129.10253906  130.0864563   138.06642151
  147.1126709   155.09286499  156.07693481  175.11849976  207.08778381
  211.12002563  224.11398315  234.0995636   235.08274841  239.11340332
  252.10929871  266.16088867  284.17175293  291.12030029  321.13037109
  339.14196777  385.22094727  456.25634766  502.20623779  592.23864746
  592.73101807  596.34893799  602.2388916   605.76269531  644.87060547
  656.28381348  656.77746582  745.32849121  828.36633301  846.3739624
  892.32897949  946.3324585   963.35766602 1009.44250488 1029.37927246
 1036.40795898 1046.39221191 1047.38977051 1064.41552734 1078.46313477
 1082.41479492 1096.47436523 1192.5045166  1193.48950195 1201.47631836
 1210.51574707 1219.47705078 1221.48217773 1294.51550293 1329.5526123
 1329.77172852 1330.55566406]","[0.07491291 0.49403778 0.10049336 0.07232781 0.09923755 0.10739019
 0.07776118 0.10076898 0.08315545 0.15827222 0.05208855 0.08152443
 0.05369189 0.13342223 0.09324311 0.28711036 0.14325336 0.17327094
 0.08348621 0.05751356 0.09626044 0.11527857 0.08911198 0.06771941
 0.06135279 0.06250621 0.0495373  0.0701163  0.07954532 0.0794073
 0.06388841 0.09673906 0.08921524 0.05361327 0.13998018 0.0991687
 0.04961652 0.10674918 0.13669758 0.0672071  0.05324516 0.15300842
 0.05658627 0.14820813 0.09421422 0.05093362 0.2434434  0.07284697
 0.07734725 0.10330139 0.266729   0.16290666 0.09754781 0.05754405
 0.23448269 0.08027132 0.11781477]","[-- -- -- -- -- -- -- -- -- -- -- -- -- -- -- -- -- -- -- -- -- -- -- --
 -- -- -- -- -- -- -- -- -- -- -- -- -- -- -- -- -- -- -- -- -- -- -- --
 -- -- -- -- -- -- -- -- --]"
id,PSH,sequence,PSM_ID,accession,unique,database,database_version,search_engine,search_engine_score[1],modifications,retention_time,charge_x,exp_mass_to_charge,calc_mass_to_charge,spectra_ref,pre,post,start,end,opt_ms_run[1]_aa_scores,scan_number,title,pepmass,charge_y,scans,rtinseconds,seq,m/z array,intensity array,charge array
7,PSM,HNHELC[Carbamidomethyl]YNHK,8,nan,nan,nan,nan,"[MS, MS:1003281, Casanovo, 5.0.0]",-0.9963583981152624,nan,nan,3,449.86273193359375,451.20355224609375,ms_run[1]:index=7,nan,nan,nan,nan,"0.99348,0.84634,0.90338,0.27495,0.26478,0.50582,0.36169,0.37091,0.98867,0.99098",7,7,"(449.86273, None)",3+,F1:2513,828.966,HNSYTC[Carbamidomethyl]EATHK,"[ 94.19432068  97.12512207 102.0552063  110.07131958 123.22948456
 133.04348755 136.07572937 147.1133728  237.60066223 237.60414124
 237.60762024 237.61109924 237.61456299 252.09809875 252.10189819
 252.10569763 252.10949707 252.11328125 252.11708069 284.16366577
 284.16821289 284.17276001 284.17730713 284.18185425 375.65957642
 375.66650391 375.67340088 375.68029785 375.68722534 456.23730469
 456.24655151 456.25579834 456.26504517 456.27429199 456.2835083
 502.17636108 502.18704224 502.19769287 502.20837402 502.21905518
 502.22973633]","[0.17359854 0.22435115 0.18954627 0.52235341 0.17913239 0.26568016
 0.26563698 0.18648884 0.07652958 0.10313146 0.1130981  0.10245565
 0.07363694 0.06967928 0.11404533 0.14533448 0.15200941 0.13150965
 0.09135751 0.08177537 0.10940999 0.11942065 0.11041904 0.08745274
 0.08568271 0.10765595 0.11684243 0.11123691 0.09184102 0.07419529
 0.11107831 0.13218188 0.13218252 0.11168636 0.07592195 0.07595256
 0.12269183 0.15112811 0.15360661 0.13088217 0.09074594]","[-- -- -- -- -- -- -- -- -- -- -- -- -- -- -- -- -- -- -- -- -- -- -- --
 -- -- -- -- -- -- -- -- -- -- -- -- -- -- -- -- --]"
id,PSH,sequence,PSM_ID,accession,unique,database,database_version,search_engine,search_engine_score[1],modifications,retention_time,charge_x,exp_mass_to_charge,calc_mass_to_charge,spectra_ref,pre,post,start,end,opt_ms_run[1]_aa_scores,scan_number,title,pepmass,charge_y,scans,rtinseconds,seq,m/z array,intensity array,charge array
8,PSM,RPDGDASAQPR,9,nan,nan,nan,nan,"[MS, MS:1003281, Casanovo, 5.0.0]",0.17878953,nan,nan,2,585.2857666015625,585.2865600585938,ms_run[1]:index=8,nan,nan,nan,nan,"0.98898,0.97964,0.91794,0.99160,0.96299,0.98819,0.50001,0.46410,0.97659,0.99051,0.95948",8,8,"(585.28577, None)",2+,F1:2518,829.37396,RPDGDAASQPR,"[  83.0606842    84.0451355    84.08135986  101.07128906  102.05531311
  110.07145691  112.08721161  115.08665466  126.09104919  129.10221863
  129.13842773  136.07568359  138.06613159  140.0819397   143.11727905
  147.11212158  155.09223938  156.07641602  157.10855103  158.09237671
  169.09675598  174.08679199  175.11904907  193.10774231  202.08198547
  204.07565308  207.08709717  211.11947632  212.13894653  221.10247803
  224.11376953  226.15463257  235.08221436  239.11413574  244.16505432
  252.10935974  252.13220215  253.09155273  253.17715454  254.16040039
  255.14460754  257.12420654  266.16159058  272.17184448  284.17169189
  287.20819092  291.11798096  304.16040039  315.20220947  323.17379761
  339.13885498  367.20864868  369.18759155  377.15887451  385.21954346
  393.18780518  403.17102051  411.19766235  412.25848389  421.18286133
  439.193573    448.18127441  455.2947998   456.25860596  456.74725342
  457.19903564  475.73919678  483.29315186  490.24047852  507.23535156
  512.75268555  513.30957031  524.21069336  527.33190918  540.22583008
  540.31640625  541.2364502   541.31958008  549.27270508  550.20227051
  556.34399414  557.25024414  557.34527588  562.30554199  566.32940674
  567.28216553  567.7713623   568.2064209   568.29577637  575.79455566
  576.28234863  612.27050781  629.33776855  662.34246826  669.27978516
  683.30963135  770.34191895  801.3828125   870.40350342  881.38049316
  884.43139648  898.40008545  899.38928223  909.45440674  916.41625977
  917.39825439  970.04370117 1013.46142578 1062.50061035 1110.51708984
 1152.54003906]","[0.03734063 0.05594996 0.14263476 0.06932057 0.03754158 0.25498417
 0.08708996 0.06111791 0.05374126 0.14638102 0.05983326 0.03813783
 0.04299846 0.06933974 0.06867573 0.06338497 0.04337927 0.07801577
 0.11803857 0.05300385 0.04334144 0.04141134 0.11637447 0.05236025
 0.08003181 0.03522751 0.08291887 0.03848659 0.05457549 0.06172176
 0.04519996 0.0356175  0.08355499 0.08201427 0.07385246 0.17842835
 0.03547026 0.04382135 0.11630719 0.11981134 0.14576264 0.03614741
 0.10228985 0.08490761 0.15027234 0.04118951 0.06310043 0.03864079
 0.08672044 0.03607852 0.05041782 0.03568964 0.17659213 0.04738585
 0.08691857 0.09087881 0.03564556 0.08711167 0.03552377 0.10543334
 0.13778771 0.03860167 0.04560234 0.05666305 0.04375529 0.10204098
 0.035517   0.11307029 0.04087101 0.05916192 0.04113272 0.03658783
 0.06408106 0.03858397 0.05178128 0.12752111 0.12409373 0.04641021
 0.08516978 0.04133762 0.14880897 0.03999111 0.05292846 0.0516463
 0.15579884 0.182054   0.06851972 0.09035043 0.03874147 0.04260051
 0.13245013 0.03595022 0.18501897 0.04117425 0.04298472 0.073059
 0.06830992 0.19220977 0.06185826 0.0605629  0.03610851 0.11384293
 0.08580173 0.03607286 0.09743571 0.03933774 0.03510584 0.14444056
 0.10792191 0.16108771 0.35082623]","[-- -- -- -- -- -- -- -- -- -- -- -- -- -- -- -- -- -- -- -- -- -- -- --
 -- -- -- -- -- -- -- -- -- -- -- -- -- -- -- -- -- -- -- -- -- -- -- --
 -- -- -- -- -- -- -- -- -- -- -- -- -- -- -- -- -- -- -- -- -- -- -- --
 -- -- -- -- -- -- -- -- -- -- -- -- -- -- -- -- -- -- -- -- -- -- -- --
 -- -- -- -- -- -- -- -- -- -- -- -- -- -- --]"
id,PSH,sequence,PSM_ID,accession,unique,database,database_version,search_engine,search_engine_score[1],modifications,retention_time,charge_x,exp_mass_to_charge,calc_mass_to_charge,spectra_ref,pre,post,start,end,opt_ms_run[1]_aa_scores,scan_number,title,pepmass,charge_y,scans,rtinseconds,seq,m/z array,intensity array,charge array
9,PSM,KPANVVTK,10,nan,nan,nan,nan,"[MS, MS:1003281, Casanovo, 5.0.0]",0.77836037,nan,nan,2,428.7661437988281,428.7661437988281,ms_run[1]:index=9,nan,nan,nan,nan,"0.99457,0.98879,0.98509,0.91714,0.93095,0.96952,0.99020,0.99076",9,9,"(428.76614, None)",2+,F1:2524,830.268,KPAAAAVTK,"[ 64.00108337  70.06590271  72.081604    73.04766846  74.06077576
  84.08148956  89.1167984   91.05818176  98.98477173 101.10767365
 104.84519196 122.34957886 128.03752136 129.10253906 130.08682251
 141.10267639 147.11297607 149.04507446 167.05583191 167.53865051
 169.0980835  175.12054443 194.16789246 208.95330811 226.15509033
 240.13467407 248.16113281 341.01806641 359.02853394 382.20748901
 420.25439453 481.2769165  510.30432129 560.33831787 631.37561035
 661.1920166  728.42980957]","[0.167963   0.19635525 0.11087392 0.10890444 0.16522644 0.49028331
 0.06261548 0.08740062 0.15734078 0.18596067 0.06727916 0.06727858
 0.06685607 0.27939925 0.10015393 0.10015227 0.19174673 0.09262113
 0.10146404 0.07024851 0.09264969 0.07481369 0.06990052 0.08633851
 0.09710544 0.09745866 0.1604774  0.09327871 0.26201603 0.1207944
 0.1843387  0.1203144  0.10385719 0.10466179 0.14803039 0.08637413
 0.36819184]","[-- -- -- -- -- -- -- -- -- -- -- -- -- -- -- -- -- -- -- -- -- -- -- --
 -- -- -- -- -- -- -- -- -- -- -- -- --]"
id,PSH,sequence,PSM_ID,accession,unique,database,database_version,search_engine,search_engine_score[1],modifications,retention_time,charge_x,exp_mass_to_charge,calc_mass_to_charge,spectra_ref,pre,post,start,end,opt_ms_run[1]_aa_scores,scan_number,title,pepmass,charge_y,scans,rtinseconds,seq,m/z array,intensity array,charge array
10,PSM,EKEELEK,11,nan,nan,nan,nan,"[MS, MS:1003281, Casanovo, 5.0.0]",0.9038583,nan,nan,2,452.7345886230469,452.7347106933594,ms_run[1]:index=10,nan,nan,nan,nan,"0.98011,0.99409,0.98314,0.98765,0.98947,0.98498,0.98967",10,10,"(452.7346, None)",2+,F1:2538,831.702,EKEEIEK,"[ 64.13079834  70.06571198  74.06066895  84.04534912  84.08157349
  85.39941406  86.09699249  97.1179657  101.10751343 102.05567932
 110.0717926  129.10263062 130.08676147 147.11305237 175.11914062
 195.11383057 222.12332153 240.13459778 241.11834717 258.1451416
 259.09173584 276.15505981 286.14129639 351.16732788 354.16619873
 359.19396973 369.17584229 388.21264648 389.23944092 395.21514893
 398.86767578 404.62115479 434.72650146 443.24014282 480.21148682
 498.21923828 499.22381592 515.25695801 516.24676514 518.27966309
 611.30230713 628.33911133 629.31677246 641.63317871 647.32250977
 718.3762207  730.3939209  757.37854004 758.39178467 886.45166016
 908.77618408]","[0.11410619 0.08250512 0.08175345 0.10776559 0.28721687 0.0503613
 0.20079923 0.05361614 0.05610513 0.18755159 0.15710738 0.38932222
 0.20188673 0.26703811 0.13057353 0.06096183 0.05331041 0.21856594
 0.05413389 0.19383587 0.0632527  0.16133206 0.06083188 0.1046045
 0.06259283 0.05846773 0.0891427  0.08061993 0.11660631 0.08295917
 0.06173922 0.06131105 0.07108483 0.09056748 0.07617712 0.0780606
 0.05304366 0.08047687 0.06051887 0.11940465 0.06277424 0.07231952
 0.094436   0.06534622 0.19064885 0.14735638 0.06540596 0.09368048
 0.09874003 0.37343729 0.07469111]","[-- -- -- -- -- -- -- -- -- -- -- -- -- -- -- -- -- -- -- -- -- -- -- --
 -- -- -- -- -- -- -- -- -- -- -- -- -- -- -- -- -- -- -- -- -- -- -- --
 -- -- --]"
